<NewDataSet>
  <xs:schema id="NewDataSet" xmlns="" xmlns:xs="http://www.w3.org/2001/XMLSchema" xmlns:msdata="urn:schemas-microsoft-com:xml-msdata" xmlns:msprop="urn:schemas-microsoft-com:xml-msprop">
    <xs:element name="NewDataSet" msdata:IsDataSet="true" msdata:UseCurrentLocale="true" msdata:IsReadOnly="False">
      <xs:complexType>
        <xs:choice minOccurs="0" maxOccurs="unbounded">
          <xs:element name="CMS_DeviceProfile" msprop:IsFromCMSDatabase="True">
            <xs:complexType>
              <xs:sequence>
                <xs:element name="ProfileID" type="xs:int" minOccurs="0" />
                <xs:element name="ProfileName" type="xs:string" minOccurs="0" />
                <xs:element name="ProfileDisplayName" type="xs:string" minOccurs="0" />
                <xs:element name="ProfileOrder" type="xs:int" minOccurs="0" />
                <xs:element name="ProfileMacro" type="xs:string" minOccurs="0" />
                <xs:element name="ProfileUserAgents" type="xs:string" minOccurs="0" />
                <xs:element name="ProfileEnabled" type="xs:boolean" minOccurs="0" />
                <xs:element name="ProfilePreviewWidth" type="xs:int" minOccurs="0" />
                <xs:element name="ProfilePreviewHeight" type="xs:int" minOccurs="0" />
                <xs:element name="ProfileGUID" msdata:DataType="System.Guid, mscorlib, Version=4.0.0.0, Culture=neutral, PublicKeyToken=b77a5c561934e089" type="xs:string" minOccurs="0" />
                <xs:element name="ProfileLastModified" type="xs:dateTime" minOccurs="0" />
              </xs:sequence>
            </xs:complexType>
          </xs:element>
        </xs:choice>
      </xs:complexType>
    </xs:element>
  </xs:schema>
  <CMS_DeviceProfile>
    <ProfileID>81</ProfileID>
    <ProfileName>SmallDevice</ProfileName>
    <ProfileDisplayName>Smartphone (320 x 480)</ProfileDisplayName>
    <ProfileOrder>1</ProfileOrder>
    <ProfileMacro>{%maxSideSize = 480;

width = CurrentDevice.Data["ScreenPixelsWidth"];
height = CurrentDevice.Data["SreenPixelsHeight"];

if (!CurrentDevice.Data["IsMobile"] 
    || ((width &gt; maxSideSize)||(height &gt; maxSideSize))){
    return false;
}

return true;|(identity)GlobalAdministrator|(hash)7fed99c2890f19e88e2f2e0a11d3e5079725ecb9af5a62e7609898ac874a61f3%}</ProfileMacro>
    <ProfileUserAgents>iphone
ipod
blackberry
iemobile
googlebot-mobile
</ProfileUserAgents>
    <ProfileEnabled>true</ProfileEnabled>
    <ProfilePreviewWidth>320</ProfilePreviewWidth>
    <ProfilePreviewHeight>480</ProfilePreviewHeight>
    <ProfileGUID>764e2796-dc5b-49a0-8ef1-167d296f0ba1</ProfileGUID>
    <ProfileLastModified>2017-12-11T11:09:52.2645254+01:00</ProfileLastModified>
  </CMS_DeviceProfile>
  <CMS_DeviceProfile>
    <ProfileID>82</ProfileID>
    <ProfileName>MediumDevice</ProfileName>
    <ProfileDisplayName>Tablet (1024 x 768)</ProfileDisplayName>
    <ProfileOrder>2</ProfileOrder>
    <ProfileMacro>{%maxSideSize = 1024;

width = CurrentDevice.Data["ScreenPixelsWidth"];
height = CurrentDevice.Data["SreenPixelsHeight"];

if (!CurrentDevice.Data["IsMobile"] 
    || ((width &gt; maxSideSize)||(height &gt; maxSideSize))){
    return false;
}

return true;|(identity)GlobalAdministrator|(hash)ec2d2f59c70628f4fbf88c4fde927243276aaa1ca7ad55ba8724f61cc040353d%}</ProfileMacro>
    <ProfileUserAgents>ipad
playbook</ProfileUserAgents>
    <ProfileEnabled>true</ProfileEnabled>
    <ProfilePreviewWidth>1024</ProfilePreviewWidth>
    <ProfilePreviewHeight>768</ProfilePreviewHeight>
    <ProfileGUID>544837d0-5c27-4f5d-a19e-91894b6b1f17</ProfileGUID>
    <ProfileLastModified>2017-12-11T11:09:52.2645254+01:00</ProfileLastModified>
  </CMS_DeviceProfile>
  <CMS_DeviceProfile>
    <ProfileID>83</ProfileID>
    <ProfileName>LargeDevice</ProfileName>
    <ProfileDisplayName>Laptop (1366 x 768)</ProfileDisplayName>
    <ProfileOrder>3</ProfileOrder>
    <ProfileMacro>{%maxSideSize = 1366;

width = CurrentDevice.Data["ScreenPixelsWidth"];
height = CurrentDevice.Data["SreenPixelsHeight"];

if (!CurrentDevice.Data["IsMobile"]
    || ((width &gt; maxSideSize)||(height &gt; maxSideSize))){
    return false;
}

return true;|(identity)GlobalAdministrator|(hash)16de4a3db0272a0ff2f816c76c01b0011dd2a04527ab87e9fc00e0b646a1d261%}</ProfileMacro>
    <ProfileEnabled>true</ProfileEnabled>
    <ProfilePreviewWidth>1366</ProfilePreviewWidth>
    <ProfilePreviewHeight>768</ProfilePreviewHeight>
    <ProfileGUID>c8a95123-0685-4fa2-aa20-9fa00f4ec3ee</ProfileGUID>
    <ProfileLastModified>2017-12-11T11:09:52.2489014+01:00</ProfileLastModified>
  </CMS_DeviceProfile>
</NewDataSet>